{"train/loss/value_avg":0.31978359818458557,"train/policy/approxkl_avg":0.036420825868844986,"train/loss/policy_avg":0.0011445728596299887,"train/policy/entropy_avg":0.6224492788314819,"train/val/num_eos_tokens":0,"_timestamp":1.7662857762754538e+09,"train/objective/kl":21.37367057800293,"train/val/ratio":0.9947252869606018,"train/eps":4,"train/episode":22432,"_runtime":5279,"train/objective/rlhf_reward":-0.8186836242675781,"train/objective/non_score_reward":-1.0686836242675781,"train/epoch":3.001739595878496,"train/objective/entropy":30.04621124267578,"train/policy/clipfrac_avg":0.01164504699409008,"train/val/ratio_var":1.2410659110173583e-05,"completions":{"sha256":"c2769dc06c2246012ac4419ec4cdf4e4129d9ee91d1135844e8d3c4efe589399","_type":"table-file","log_mode":"IMMUTABLE","nrows":8,"ncols":3,"size":3390,"artifact_path":"wandb-client-artifact://r8v2k6fzkzd7cochbk55z2j9b379k1zwcmm5e727opyxgbzuky1ptgi2p2gtvtsgj1oeou13j14a0o0u3kn20oxe1irrkbuhy4jd318e50ouzg65lxejm407t65cjhal/completions.table.json","path":"media/table/completions_711_c2769dc06c2246012ac4.table.json","_latest_artifact_path":"wandb-client-artifact://t5tkdyfsd3ml2u5uemajhgh2wp3cj19j1082uesj943298yb7qjr6cvu5gq252kzqsimcq1b10rju9zy58xd172g0469mjxig9noltrsjj64t7vkfwy4k5ekqbihssnf:latest/completions.table.json"},"train/global_step":701,"train/lr":2.0114122681883026e-08,"_wandb":{"runtime":5279},"_step":711,"train/val/clipfrac_avg":0.000442216987721622,"train/objective/scores":0.25}