{"_runtime":12,"train/val/num_eos_tokens":0,"train/loss/value_avg":12.704587936401367,"train/policy/clipfrac_avg":0.0028007077053189278,"train/eps":3,"train/val/ratio":0.9835614562034607,"_timestamp":1.7662806782968922e+09,"train/loss/policy_avg":0.029425814747810364,"train/global_step":1,"train/episode":32,"train/objective/kl":5.154481887817383,"_step":0,"train/val/clipfrac_avg":0.052329011261463165,"train/objective/entropy":24.41445541381836,"_wandb":{"runtime":12},"train/objective/non_score_reward":-0.2577241063117981,"train/lr":1.41e-05,"train/policy/entropy_avg":0.4408693313598633,"train/val/ratio_var":7.638177521585021e-06,"train/policy/approxkl_avg":0.36235660314559937,"train/objective/scores":0.24374999105930328,"train/epoch":0.004282082162451492,"train/objective/rlhf_reward":-0.013974115252494812}