{"train/objective/kl":6.652807712554932,"train/val/num_eos_tokens":0,"_wandb":{"runtime":9},"train/objective/scores":0.012500000186264515,"train/val/ratio":0.9849972724914551,"train/policy/clipfrac_avg":0.017099056392908096,"train/objective/entropy":21.56699562072754,"train/loss/value_avg":15.282798767089844,"train/policy/entropy_avg":0.4057072699069977,"train/lr":1.41e-05,"train/objective/non_score_reward":-0.3326404094696045,"train/episode":8,"train/eps":0,"train/objective/rlhf_reward":-0.32014042139053345,"train/epoch":0.08,"_runtime":9,"train/global_step":1,"train/val/ratio_var":8.984939086076338e-06,"_step":0,"train/loss/policy_avg":-0.00013565958943217993,"_timestamp":1.766189392446298e+09,"train/policy/approxkl_avg":0.6947624683380127,"train/val/clipfrac_avg":0.08903301507234573}