{"_wandb":{"runtime":259},"train/eps":1,"train/policy/clipfrac_avg":0.010023584589362144,"train/val/clipfrac_avg":0.008254717104136944,"train/epoch":3.04,"train/val/ratio_var":1.232766294378962e-06,"train/objective/scores":0.0062500000931322575,"completions":{"ncols":3,"path":"media/table/completions_49_4393b2aca631b16bca4a.table.json","artifact_path":"wandb-client-artifact://kr6n9s58tcwkayvg4nhti4zm0r1u4lfujl025dmze5qfohh4lh0flnez740r35gikuzx2768049d5j7f583b2ijc7qtmpgk4f5ih9tnwx8gv066i53bynp691nyvv3c9/completions.table.json","_latest_artifact_path":"wandb-client-artifact://awc7cqzdkk4jbc0q9otvbvm5j0gvkvnitxnncg5eqdgvov7kmcpc6tt3qrur88l0i7e6052kkespm57miazegd5yyayk1zt56021qbkl6oyeybllfbihp3gb2ipms5zy:latest/completions.table.json","size":3316,"_type":"table-file","sha256":"4393b2aca631b16bca4a1b92b66dcc25d355ca9ee1a08e9b96af64dfbe792388","log_mode":"IMMUTABLE","nrows":8},"train/objective/rlhf_reward":-0.5158225297927856,"_step":50,"train/loss/value_avg":2.2326388359069824,"train/val/num_eos_tokens":0,"train/objective/entropy":34.63212585449219,"train/objective/kl":10.441451072692871,"train/policy/entropy_avg":0.646032452583313,"train/loss/policy_avg":0.0047919899225234985,"train/lr":3.710526315789474e-07,"_timestamp":1.7661898764524665e+09,"train/episode":304,"train/val/ratio":0.9836326837539673,"train/global_step":38,"_runtime":259,"train/objective/non_score_reward":-0.5220725536346436,"train/policy/approxkl_avg":0.26833078265190125}