{"_runtime": 5343, "train/objective/kl": 14.470996856689453, "train/val/ratio": 0.9940112829208374, "train/lr": 2.0114122681883026e-08, "train/global_step": 701, "_step": 711, "train/objective/entropy": 26.968727111816406, "train/policy/approxkl_avg": 0.027286173775792122, "train/policy/entropy_avg": 0.4968894124031067, "train/val/ratio_var": 2.1911864678259008e-05, "train/epoch": 3.001739595878496, "_timestamp": 1766286197.2874446, "train/eps": 4, "train/objective/rlhf_reward": -0.4172998368740082, "train/loss/value_avg": 0.21786630153656006, "train/val/clipfrac_avg": 0.000147405662573874, "train/objective/non_score_reward": -0.7235498428344727, "train/objective/scores": 0.3062500059604645, "train/policy/clipfrac_avg": 0.010613207705318928, "train/loss/policy_avg": 0.004087651614099741, "train/val/num_eos_tokens": 0, "train/episode": 22432, "completions": {"sha256": "2e1a2df6b99e5431c3f7aff1ddda24f2a2578205be50c98b1802abc1aabbbc5c", "nrows": 8, "artifact_path": "wandb-client-artifact://elhbefyf5jgznez53a1zye931q6fg824pkrqf48z51edkamwwoi5tt82kzzpskn3gmryz7yqphkc23tufrbot8giwg074jx38jfd5zm2qu58s7g8qbr4cx15rerc13f6/completions.table.json", "_type": "table-file", "_latest_artifact_path": "wandb-client-artifact://ky3os7v7pklytlzo0c8x4qgt1u5vn9civ6ybbvdkh6ag547pvrhfayt9pove1khp9hy5l82y9zuzm5m5yt32ah2wj1z724pjyoa2y8odmuo2j7nvbq3rtiia2yzrux8r:latest/completions.table.json", "log_mode": "IMMUTABLE", "size": 3400, "path": "media/table/completions_711_2e1a2df6b99e5431c3f7.table.json", "ncols": 3}}